ObjID,b,l,modelMag_g,modelMag_r
1237645879562862699,-61.456681208819,129.295583596461,19.28224,19.03111
1237645941291614227,-46.1462884577888,182.681209914604,16.16866,15.59175
1237645941824356481,-52.6664086438736,172.317837531259,17.53154,16.87632
1237645942904389833,-41.5103319657708,185.590019357915,19.84326,18.37799
1237645942904455278,-41.4132402508894,185.700920112722,19.53732,19.04037
1237645942904455343,-41.3352607243193,185.7703298321,18.29302,17.66375
1237645942904455388,-41.343010639152,185.773534208267,21.04712,19.65117
1237645942904520909,-41.2305748631598,185.881997098084,19.25871,17.75758
1237645942904520914,-41.2199361078895,185.890892835026,20.02546,18.51962
1237645942904586466,-41.0766192037042,186.041511474483,19.06242,18.49008
1237645942904914039,-40.5713167000418,186.554840414917,18.75145,18.15706
1237645942905372939,-39.7141958811646,187.389950898176,20.34536,18.82426
1237645942905569371,-39.4557135583805,187.960895403384,14.92695,14.55624
1237645942905569521,-39.5115108241667,187.8939882093,21.39297,19.75308
1237645942905635264,-39.2481667670712,187.852121249922,22.39412,20.69616
1237645942905700356,-39.2306425269131,188.067834811766,17.62928,17.09077
1237645942905700448,-39.189236503439,188.198843119106,15.95246,14.95636
1237645942905765958,-39.0619085160779,188.332362288143,24.53598,21.61956
1237645942905831562,-38.8966612828449,188.420920241831,15.38514,14.69812
1237645942905831605,-38.9067509371547,188.268166485823,19.66701,18.38293
1237645942905897089,-38.8030369553852,188.324478214468,19.24767,18.86297
1237645942905897179,-38.7467721277623,188.493351209373,18.00564,16.49416
1237645942905962656,-38.6880053920283,188.407076838372,20.92955,19.39655
1237645942906028070,-38.6311569839611,188.739275851425,17.24245,16.77431
1237645942906028116,-38.4422078844738,188.604543419911,15.35589,14.49014
1237645942906028124,-38.6094722931272,188.629156065283,19.08996,17.63468
1237645942906028214,-38.5401227010269,188.614764314262,20.57853,19.14602
1237645942906028227,-38.553618821042,188.746992901412,20.54007,19.79346
1237645942906028231,-38.5036744641806,188.688230106125,21.05925,19.41239
1237645942906028249,-38.5881139641717,188.664491707394,22.07755,20.40645
1237645942906093728,-38.3543718362762,188.723382323587,20.2245,18.73617
1237645942906290409,-38.1123625252147,189.17664679512,20.85792,19.089
1237645943433396364,-54.0244105143357,166.30576746766,18.1172,17.62324
1237645943433855052,-53.383469238338,167.681665465342,18.32084,17.97896
1237645943434969150,-51.7648222202902,171.010305036131,17.24312,17.35328
1237645943434969249,-51.8432156882234,171.118183943401,18.34317,17.20218
1237645943434969267,-51.8187290816725,171.098591403319,17.18025,16.08924
1237645943435034680,-51.7892861692831,171.272534892848,21.32203,19.6427
1237645943435034760,-51.8047239252985,171.127165028208,18.24314,17.40298
1237645943435034775,-51.773474655052,171.128742055599,18.50592,17.0387
1237645943435034783,-51.7709101374161,171.166520233642,18.95963,17.58961
1237645943435034831,-51.6970766618311,171.048904656224,20.75634,19.59975
1237645943435034856,-51.8354518930301,171.138540198788,20.1093,19.62952
1237645943435034880,-51.8167909612754,171.226036450215,20.22248,20.09955
1237645943973609500,-48.7160005328114,174.996607759999,16.99443,16.60633
1237645943973609570,-48.85443865677,175.133995629151,20.01401,19.67061
1237645943973609585,-48.7784455623234,175.108441842575,19.24303,18.75685
1237645943973609591,-48.7886115191292,175.168858945882,18.72881,17.98474
1237645943973609599,-48.6908168498574,175.027543879488,17.89531,17.25082
1237645943973609643,-48.7564589533344,175.258863461746,19.59004,18.572
1237645943973609659,-48.7630945137128,175.049289197635,20.72031,19.36941
1237645943973609661,-48.8202026809789,175.168755610751,21.49279,20.07778
1237645943973609663,-48.7519701922424,175.08102883733,20.59716,19.39667
1237645943973610025,-48.6514133309237,175.112860387473,23.75328,22.49362
1237645943973675061,-48.7034948280913,175.334655486975,16.19536,15.58417
1237645943973675064,-48.6629968594363,175.279198665524,17.48169,17.0797
1237645943973675103,-48.584638376385,175.268622407407,17.61846,17.91781
1237645943973675114,-48.6518273979159,175.388231265455,16.58798,16.16677
1237645943973675139,-48.6420981179008,175.136012474123,19.98826,19.93318
1237645943973675213,-48.6635224611532,175.316611377074,20.51438,19.55718
1237645943973675227,-48.6217576186255,175.382609647,20.77234,19.19735
1237645943975182466,-46.1303037702297,178.696393649481,18.30937,17.69437
1237645943976493117,-43.9082150277513,181.75187561712,16.06596,15.4773
1237645943976493143,-43.8761133618643,181.686794589332,20.56177,18.9634
1237645943976493233,-43.9247839762488,181.638888035475,20.02485,19.26385
1237645943976493249,-43.8730264889033,181.593855013203,20.30967,18.93479
1237645943976493254,-43.8649295091451,181.647762755756,19.70539,18.34638
1237645943976493259,-43.84265173988,181.633064351878,18.74075,18.21218
1237645943976493329,-43.9667835012577,181.680166326584,21.1286,19.93416
1237645943976493332,-43.8384555886484,181.615873731794,21.11145,19.73457
1237645943976624393,-43.6263873044324,181.81900209737,22.63354,21.05256
1237645943976689870,-43.5686226542899,181.887756420338,21.1314,19.61986
1237645943978328086,-40.7160512782788,185.147844876799,21.58521,20.51434
1237645943978328218,-40.6819575327963,185.142030631887,18.54596,18.09927
1237645943978328243,-40.6936477263522,185.236209107188,22.96245,21.36945
1237645943978328360,-40.6506916596147,185.234554893691,20.77476,20.62119
1237645943978328529,-40.6926966461634,185.206991188567,21.68112,20.45224
1237645943978393614,-40.6357851566765,185.360864085073,17.76852,17.1383
1237645943978393681,-40.54365709339,185.452043214117,17.81077,18.24699
1237645943978393685,-40.6526379560068,185.336878209155,19.20805,18.02192
1237645943978393716,-40.6277360627504,185.379753023595,17.98778,16.86491
1237645943978393752,-40.5506158519025,185.351397109318,17.88072,16.69836
1237645943978393757,-40.4978906756018,185.290341806219,20.16944,19.3546
1237645943978393777,-40.5082103263561,185.38796399187,18.42094,17.80812
1237645943978394040,-40.5926348613197,185.30151428769,22.45619,21.93547
1237645943978394188,-40.5731989067112,185.387784642591,22.38192,20.93606
1237645943978394282,-40.4869696365121,185.354904477677,22.11011,21.68201
1237645943978459165,-40.5018458920621,185.519066486831,16.14014,15.72178
1237645943978459199,-40.4718684674866,185.498743596399,16.7361,16.26196
1237645943978459202,-40.4410664087847,185.452485681039,16.02286,15.51069
1237645943978459256,-40.4605476442277,185.603533554873,16.20731,15.82763
1237645943978459316,-40.4356824037192,185.367570484709,20.35963,18.8861
1237645943978459322,-40.463217765512,185.426375277998,20.05293,18.66331
1237645943978459324,-40.4876271716415,185.469002526087,18.92063,17.92299
1237645943978459347,-40.4539021088576,185.545591060392,18.59115,17.32567
1237645943978459369,-40.5283679557047,185.477218077664,20.41017,18.87695
1237645943978459394,-40.3705665526371,185.467950137432,21.74334,20.22189
1237645943978459422,-40.355395241354,185.443617276077,21.80007,20.20778
1237645943978459531,-40.5310885694279,185.489759292789,22.06401,21.64673
1237645943978459784,-40.3909741687468,185.513176724024,22.1931,21.86706
1237645943978524695,-40.4012544539242,185.565900413057,16.77233,16.27735
1237645943978524724,-40.3761301500105,185.587282580405,17.19975,16.77621
1237645943978524746,-40.2781845933487,185.484402505478,17.51374,16.93961
1237645943978524767,-40.3334478158434,185.718003294035,16.85976,16.68324
1237645943978524843,-40.2429268222927,185.567944008175,19.13243,17.87756
1237645943978524918,-40.3015828266918,185.553270074269,21.60355,20.16718
1237645943978524926,-40.3716099038874,185.701131978874,21.91819,20.32957
1237645943978525034,-40.347951414705,185.480556373948,23.39233,22.15554
1237645943978590229,-40.2803983400139,185.722643121237,18.54519,17.69347
1237645943978590279,-40.237194495363,185.740089722614,17.7481,17.11007
1237645943978590282,-40.1529634439994,185.603201430399,17.48454,16.89914
1237645943978590300,-40.1462952372704,185.682113540777,24.73493,22.99163
1237645943978590317,-40.100708367187,185.659340954566,20.10584,19.56936
1237645943978590383,-40.3070513631767,185.753546874388,17.22412,15.96644
1237645943978590403,-40.2374402794504,185.674247182994,20.30008,19.04214
1237645943978590416,-40.1875517453359,185.648374100172,20.14275,18.64612
1237645943978590483,-40.1803668285087,185.796884562875,19.87809,19.40055
1237645943978591175,-40.1500330027808,185.746097665786,24.80348,22.05774
1237645943978655754,-40.165541193439,185.826902976782,15.96454,15.42682
1237645943978655832,-40.1197069015213,185.922706102537,17.33512,16.53451
1237645943978655852,-40.0724336422911,185.877070663461,20.97547,19.55165
1237645943978655958,-40.1424473751985,185.910469562268,19.34097,18.08005
1237645943978655997,-40.078119010749,185.918464930565,20.06593,19.5326
1237645943978656031,-40.0831712381107,185.764936769336,20.76715,19.50669
1237645943978656041,-40.0260879997589,185.742919149846,20.53449,18.88905
1237645943978656061,-40.0907018858204,185.747833482911,22.03618,20.33716
1237645943978656227,-40.166394095374,185.887145111307,22.01632,21.70139
1237645943978721398,-39.9947104520622,185.822357626923,17.99587,16.69966
1237645943978721466,-39.907561859016,185.972804269069,18.71365,18.09072
1237645943978721500,-40.050345045276,185.968685834366,20.40045,18.90407
1237645943978721505,-40.0029392126662,185.972424025862,20.7069,19.4552
1237645943978721508,-39.9544333020214,185.925319652996,21.16467,19.70321
1237645943978721556,-39.9793629922129,185.907117357887,21.74952,20.19476
1237645943978721769,-39.9149167654754,185.841623125682,22.96983,22.14287
1237645943978721863,-39.9102002826051,185.947116862333,21.89508,21.59364
1237645943978786819,-39.9114635223527,185.991034310469,16.24015,15.79209
1237645943978786823,-39.927217573065,186.019988585354,19.55273,19.17195
1237645943978786835,-39.9101770894294,186.030742499982,16.95602,15.92631
1237645943978786850,-39.9409715334102,186.131175120005,19.50805,18.97482
1237645943978786997,-39.9366026135532,186.071747368298,19.56156,19.05082
1237645943978787003,-39.8642717943275,185.960606330149,18.14381,17.44287
1237645943978787062,-39.8667417842524,186.114688772593,18.51332,17.77943
1237645943978787108,-39.8584062586338,186.180819598866,17.6525,16.76274
1237645943978787121,-39.8450789219802,186.191609617818,19.75682,19.31749
1237645943978787200,-39.8453355708877,185.968719897288,21.93627,20.20968
1237645943978787230,-39.8232021435485,185.98166133554,20.96809,20.70251
1237645943978787235,-39.7976010112272,186.000481151933,20.43229,20.30395
1237645943978787243,-39.7870965015595,186.042735287988,22.1935,21.11728
1237645943978787757,-39.8811009153426,186.17637556455,23.57083,22.13804
1237645943978852556,-39.7528353612587,186.204022431599,19.09158,17.6205
1237645943978852577,-39.753553842902,186.291236227946,18.27114,17.6828
1237645943978852582,-39.6977146827274,186.208336910078,18.84844,17.72049
1237645943978852701,-39.7333487102632,186.177150485561,22.05414,20.39113
1237645943978852711,-39.6728766929251,186.212955582071,20.90202,19.58006
1237645943978852754,-39.6640200339314,186.151352655538,20.86532,20.68033
1237645943978852756,-39.7010786566901,186.228658683185,20.65016,20.1919
1237645943978852860,-39.7725168780214,186.132441095805,22.935,21.03403
1237645943978853063,-39.6812566588267,186.124175828169,22.18622,21.88429
1237645943978853085,-39.7448139569384,186.252843709628,21.56255,21.04843
1237645943978917921,-39.7304633114602,186.328569134675,17.00201,16.46273
1237645943978917930,-39.7124757901635,186.312604936969,17.10079,15.98618
1237645943978917938,-39.697520198118,186.272902239265,19.68363,19.61063
1237645943978918017,-39.5455162413532,186.209362077744,17.23579,16.82497
1237645943978918058,-39.6515786626118,186.207184870331,17.87083,16.34437
1237645943978918065,-39.6689855087822,186.260312031334,18.50005,17.13509
1237645943978918072,-39.7100982446676,186.3419747078,19.57314,19.25132
1237645943978918121,-39.6449469894922,186.26709029538,19.03241,18.50733
1237645943978918155,-39.6185303556328,186.275597448852,19.20892,18.42467
1237645943978918180,-39.5972887096782,186.303264152955,22.56826,21.06882
1237645943978918498,-39.6982606761706,186.361058126892,22.01533,21.78327
1237645943978983452,-39.5731453255134,186.487479116862,17.24606,16.69489
1237645943978983766,-39.4830261095133,186.414860121715,22.2422,20.68319
1237645943978983864,-39.6010825340884,186.433035735672,21.48417,20.66597
1237645943978984028,-39.4956652458952,186.359069719264,24.35914,21.61898
1237645943979048964,-39.4447196331781,186.488446414397,17.90783,17.39957
1237645943979049021,-39.3988337062755,186.528192347811,17.22538,16.49504
1237645943979049173,-39.4189161384016,186.625966735011,19.27139,17.74751
1237645943979049286,-39.4620943171919,186.50805992919,22.09621,20.60119
1237645943979049605,-39.3259284489385,186.526183702182,21.0899,20.38353
1237645943979180167,-39.1540137385963,186.637626679033,18.37835,17.39095
1237645943979180313,-39.137089921984,186.888836590916,21.25512,19.56603
1237645943979245894,-39.1124661955527,186.90934036993,21.11264,20.68782
1237645943979311297,-38.8240395394154,186.93315651767,18.84848,18.3168
1237645943979311315,-38.8702878043864,187.070546976985,19.6892,19.59248
1237645943979376821,-38.7450090596326,187.182916479957,21.60346,20.18077
1237645943979376847,-38.8726609501966,187.122026354584,17.71992,16.84237
1237645943979376870,-38.840254273047,187.151257383881,19.37004,18.71586
1237645943979442414,-38.728486537021,187.302611939506,20.67373,19.14676
1237645943979442462,-38.6708252290747,187.272007328598,21.66657,20.12036
1237645943979573405,-38.3924915764898,187.537027797809,25.11435,24.80206
1237645943979573472,-38.4332210474727,187.537709831039,19.22204,17.74423
1237645943979638952,-38.2618987155651,187.644851062967,22.58647,21.21919
1237645943979704410,-38.1007267605664,187.612497069609,17.83694,17.33372
1237645943979704603,-38.1201096577135,187.640151621912,21.98855,20.12466
1237645943979769875,-38.1022378383438,187.776114336855,16.70116,16.15869
1237645943979769962,-38.0622109529266,187.752620061124,20.14501,18.68958
1237645943979835700,-37.9967603801447,187.849990300954,22.46581,20.81034
1237646379377885363,-41.9610398479877,187.631665666301,20.57228,18.34961
1237646379391713403,-14.9291750068917,206.558867207026,17.90872,16.4211
1237646379391910083,-14.5106111424871,206.788823620067,20.03853,18.01295
1237646379930419314,-11.0497152380575,208.070658882039,22.84458,20.83411
1237646379930420118,-11.0371359432925,208.115287289815,20.01237,18.49354
1237646379931926635,-8.04889991092313,209.7038828323,17.26482,16.53105
1237646379931926982,-7.97868386996279,209.672638655363,17.47576,16.79267
1237646379931927243,-7.96332305173923,209.725634326815,16.9829,16.7966
1237646379931928738,-7.9872258974625,209.630169494718,21.17047,19.63218
1237646379931992696,-7.82056605420558,209.748047050656,16.92113,16.04104
1237646379931992990,-7.74452081914157,209.706878611995,15.75872,15.63107
1237646379931993137,-7.7722075800857,209.805209692986,16.8422,16.68952
1237646379932058197,-7.71800962551595,209.868274039498,16.22015,15.54465
1237646379932059411,-7.63343423875263,209.746799717849,17.49509,16.73375
1237646379932124217,-7.49808197214806,209.88050959858,16.81769,16.30527
1237646379932124268,-7.52147100328048,209.943558259678,17.43833,16.70121
1237646379932189112,-7.4177780378732,209.895224547088,16.3812,16.31779
1237646379932189343,-7.44610385826559,209.985051714946,15.05371,15.04288
1237646379932254336,-7.3511778480309,209.988081132777,16.59722,16.52256
1237646379932254887,-7.34412377172206,210.095886161852,15.1101,15.0294
1237646379932320052,-7.23936420174754,210.157799052366,16.15225,16.02519
1237646379932320240,-7.1841475473555,210.104309966334,15.97317,15.81342
1237646379932385363,-7.0490549471209,210.056127532141,16.99053,16.7887
1237646379932385478,-7.08166236568898,210.156058589183,16.34665,16.21154
1237646379932386132,-6.96509186827375,210.102519358719,17.30824,16.68718
1237646379932387357,-6.96401347480004,210.133875665074,17.70929,16.88225
1237646379932388187,-7.05800117347396,210.139541461834,23.55547,22.57593
1237646379932451129,-6.88584861878243,210.148785710236,15.949,15.74521
1237646379932451761,-6.88961635749384,210.300186736065,15.78144,15.60855
1237646379932452508,-6.91449610286262,210.248514264772,17.31316,16.12215
1237646379932516429,-6.79333454207717,210.222232003678,16.99278,16.83139
1237646379932516467,-6.85925200130513,210.347461478024,16.5989,16.51875
1237646379932517270,-6.73040300242305,210.29577908576,16.50874,16.21932
1237646379932517460,-6.70345010482795,210.346481856967,16.30726,16.14573
1237646379932581905,-6.72593770866133,210.405509073048,17.48968,16.54476
1237646379932647529,-6.53028689694588,210.360595159985,17.00299,16.78813
1237646380468732721,-7.86818342479698,209.243556873938,15.67654,15.53414
1237646380468732863,-7.81004147539839,209.186884040795,15.92648,15.1956
1237646380468798044,-7.76388799869544,209.32503812491,16.99931,16.8145
1237646380468799840,-7.68210701202134,209.300224002458,19.65328,18.18578
1237646380468863020,-7.7108505782298,209.369164317102,18.21705,17.17165
1237646380468863558,-7.66608068183615,209.437762402484,17.83532,17.53279
1237646380468928973,-7.53683000126675,209.484272859736,16.23768,16.02638
1237646380468929292,-7.45010090151502,209.385240741342,16.63273,16.46145
1237646380468929745,-7.44433476178179,209.483025008965,16.94102,16.75194
1237646380468994663,-7.39361671713181,209.544900427631,17.44256,16.99666
1237646380468994865,-7.36999372203989,209.576808415093,16.69052,16.45241
1237646380468994991,-7.28858058012724,209.489304521626,17.67239,16.8463
1237646380469126020,-7.05466659069773,209.626130028661,15.76574,15.58642
1237646380469191122,-6.96923195319673,209.691273788774,16.81766,16.52058
1237646380469191374,-6.9602257180369,209.738066203766,15.12248,15.03983
1237646380469191628,-6.93529288539613,209.77021243481,16.4885,16.23676
1237646380469256459,-6.86916232506003,209.725498150721,17.25661,16.94808
1237646380469256773,-6.83768064668469,209.743212883317,17.34714,17.03721
1237646380469256930,-6.81183943162502,209.737179761249,15.99869,15.76294
1237646380469257069,-6.80427198215226,209.757506978161,17.28848,16.4186
1237646380469257276,-6.77376668198503,209.733104775794,16.45096,15.73094
1237646380469257398,-6.79759771838199,209.83697041509,16.56307,16.39393
1237646380469322333,-6.70279242491533,209.806380527179,17.64243,16.95742
1237646380469322719,-6.62098556155045,209.808763512954,15.92611,15.69043
1237646380469388126,-6.55011519596597,209.937833726375,17.65432,16.86222
1237646380469452902,-6.50046794392782,209.972886085956,15.79297,15.52023
1237646380469453117,-6.53304965181402,210.047390686425,17.08769,16.91075
1237646380469453810,-6.39751933036794,210.00389782927,16.61015,16.44494
1237646380469519267,-6.32732082429351,210.154271453478,16.01069,15.84581
1237646380469584280,-6.21251874240492,210.134010001921,15.42161,15.14455
1237646380469584342,-6.19518089109029,210.151033176165,16.29247,15.90772
1237646380469584394,-6.2036686881421,210.190760116001,15.79357,15.53891
1237646380469584524,-6.12254676330517,210.059428244903,17.44607,17.13468
1237646380469584547,-6.13973679152431,210.102864728378,15.90048,15.48291
1237646380469584615,-6.13758746979022,210.121925683756,17.22681,16.83771
1237646380469584636,-6.15677719424219,210.167399703777,16.98569,16.61706
1237646380469584749,-6.15737638684559,210.201607138836,15.49459,15.23378
1237646380469584910,-6.13589859420347,210.198924676241,17.15643,16.72932
1237646380469649419,-6.08656254617793,210.14673846376,16.12597,15.89359
1237646380469649574,-6.05356618960109,210.096804501247,16.53198,15.98299
1237646380469649703,-6.05368668820333,210.126806390089,16.62435,16.34907
1237646381004620721,-9.74577408579034,207.739555472634,21.04284,19.36728
1237646381005602844,-7.74169468480175,208.882059355642,15.3393,15.23885
1237646381005603164,-7.6935705530589,208.774787768912,17.4443,17.08094
1237646381005603282,-7.7240892144316,208.869429442458,17.68141,17.09707
1237646381005603541,-7.66296330270777,208.799174182772,17.86933,17.15611
1237646381005603707,-7.66579650879272,208.864439081875,18.04745,16.88667
1237646381005668506,-7.64099954680623,208.932623006685,15.33541,15.28192
1237646381005668846,-7.61376848005271,208.938343016557,16.82083,16.25333
1237646381005669121,-7.55808798736313,208.928965763101,18.10299,17.0805
1237646381005669248,-7.52263701329255,208.89536109518,17.43964,16.91285
1237646381005669451,-7.51036241352253,208.925264258332,15.12959,15.01234
1237646381005669495,-7.56293199384334,209.034573426147,17.11228,16.76596
1237646381005670208,-7.54497315375845,208.893618745275,18.418,17.44867
1237646381005734475,-7.44921870912583,209.06392803028,16.77392,16.25536
1237646381005799828,-7.3763809515064,209.093788815549,16.86215,16.7381
1237646381005799970,-7.3065490778521,209.001447364934,16.28127,16.12981
1237646381005800358,-7.27579440200548,209.091988294177,15.72944,15.4419
1237646381005865504,-7.22463084364715,209.19851224447,15.77515,15.59563
1237646381005865950,-7.17053999763311,209.241677339607,17.30335,16.51986
1237646381005931009,-7.04404915967703,209.166886475293,17.66945,16.96618
1237646381005931528,-6.98465614405317,209.226032893853,17.22987,16.9204
1237646381005931565,-6.9427270430331,209.160883897772,16.74721,16.38871
1237646381005996531,-6.95781697857748,209.333868211376,15.70677,15.00928
1237646381006061922,-6.77444882062525,209.331020314502,17.31857,16.94634
1237646381006062138,-6.7325006210429,209.314623441093,15.77499,15.40982
1237646381006062211,-6.71502926097564,209.304377286578,16.95765,16.62155
1237646381006192696,-6.51057649588611,209.404293095455,16.93087,15.50337
1237646381006192960,-6.52683582137739,209.415213572811,16.66926,16.3162
1237646381006193445,-6.50146258778172,209.561869490406,16.24223,16.01778
1237646381006193701,-6.42317561089384,209.428883767947,17.22945,16.98334
1237646381006193717,-6.47082358338593,209.533702496313,16.72922,16.46629
1237646381006258294,-6.44654637445117,209.532938589192,17.01038,16.75288
1237646381006258308,-6.40850660467653,209.466740765343,16.76536,16.53022
1237646381006258321,-6.39831255173711,209.448283018054,16.89575,16.66881
1237646381006258399,-6.43879929233173,209.553725877442,16.05148,15.89751
1237646381006258472,-6.45240630576244,209.598404352692,17.11327,16.74886
1237646381006258641,-6.37834517153756,209.551894525637,16.9683,16.69281
1237646381006258642,-6.33345666030061,209.534969463808,17.63327,16.73334
1237646381006258752,-6.35754829044127,209.464975473815,15.97567,15.77256
1237646381006258900,-6.35537404204813,209.518383688446,17.55305,17.23959
1237646381006259104,-6.32206352906531,209.555848458689,15.73639,15.5434
1237646381006259151,-6.35563440199337,209.609271606233,17.04072,16.811
1237646381006259223,-6.29799691301724,209.513048150948,17.52903,17.22717
1237646381006259296,-6.32166137888099,209.593000587176,17.41557,17.12263
1237646381006323995,-6.27539566050241,209.584474835875,15.57004,15.2984
1237646381006324499,-6.26148310613712,209.678390890012,15.50384,15.29293
1237646381006324522,-6.2265142391948,209.61575696863,15.69957,15.47974
1237646381006324535,-6.20971555038874,209.593543045481,15.3311,15.12512
1237646381006324664,-6.22423216605296,209.659733157165,15.94915,15.68821
1237646381006324805,-6.22445631959995,209.710789726497,16.00653,15.3444
1237646381006389589,-6.11359788153533,209.604313224338,16.1635,15.88616
1237646381006389630,-6.13220279173899,209.654312952415,17.37452,17.09096
1237646381006389691,-6.16405089399196,209.743383758578,15.96402,15.53458
1237646381006389841,-6.12558335728412,209.679891645707,16.51221,16.06934
1237646381006390135,-6.13297076109851,209.774077729729,16.5437,16.3098
1237646381006454907,-6.00859490288354,209.669087284834,16.73441,16.42986
1237646381006455083,-5.98438688296797,209.667939343415,16.27856,16.00629
1237646381006455225,-5.97506622299327,209.687854554191,16.81316,16.52792
1237646381006455283,-6.00356307460163,209.759151517031,17.04883,16.76452
1237646381006455537,-5.97603244793212,209.783435851839,17.14408,16.86133
1237646381006455596,-5.94864671970728,209.745150182946,15.62216,15.24725
1237646381006455670,-5.96224860300582,209.797069224496,17.3617,17.09112
1237646381006455943,-5.9374998725164,209.807019507848,15.58675,15.35137
1237646381006520463,-5.93485604893623,209.875106595559,16.43991,16.01755
1237646381006521417,-5.7962528995339,209.840885536162,16.19591,15.92952
1237646381542474291,-7.48739674095097,208.438013660427,17.13052,16.45979
1237646381542474437,-7.45926630233914,208.408891934877,17.04118,16.94545
1237646381542474690,-7.45494008549784,208.467580859001,15.72136,15.57479
1237646381542474880,-7.48654777128896,208.578006188696,15.07875,14.97058
1237646381542539423,-7.45613602655824,208.579267206249,16.076,16.00332
1237646381542539667,-7.37649053564931,208.57512845857,15.33275,15.08745
1237646381542605200,-7.28152157967048,208.578673636751,16.29846,16.16942
1237646381542605459,-7.25357642463208,208.595490541568,16.15533,15.90715
1237646381542605772,-7.23570031303625,208.649727412026,16.85888,16.62396
1237646381542605880,-7.17575149092836,208.560857993597,16.1379,15.91469
1237646381542606068,-7.21254090421786,208.674110151999,17.48629,16.79137
1237646381542606175,-7.16140477803749,208.597378740803,17.17964,16.3583
1237646381542670881,-7.11737573143041,208.695539008551,17.31176,17.0728
1237646381542671165,-7.09979134869027,208.758924364307,18.26124,17.51425
1237646381542671295,-7.03252538213866,208.67293813254,16.55822,16.33344
1237646381542671504,-7.13253518788498,208.595870855623,17.48966,16.63478
1237646381542736528,-6.95519758787354,208.729067807222,16.88121,16.64107
1237646381542736533,-6.97874374435967,208.781197063918,15.81395,15.53784
1237646381542736734,-6.96836234052164,208.809285554594,16.07568,15.2357
1237646381542736879,-6.94575451078644,208.808847332889,16.5864,15.95328
1237646381542737163,-6.99464600123519,208.650277840858,17.61061,16.807
1237646381542739110,-6.89899371825881,208.726857684575,24.56377,23.10006
1237646381542801444,-6.90889397233135,208.792305182493,15.73938,15.48602
1237646381542801759,-6.85071426326797,208.803146882367,17.40912,17.04113
1237646381542802123,-6.84967421646378,208.919365799762,15.53794,15.31777
1237646381542802267,-6.8085906659373,208.868048849253,16.99503,16.69113
1237646381542867136,-6.78962577086267,208.909981699589,17.33576,17.01053
1237646381542867245,-6.78596709325104,208.938660405904,17.38968,17.09016
1237646381542867499,-6.75545508304758,208.959164457285,18.08221,16.99192
1237646381542868470,-6.71346408639772,208.945948580359,17.98388,17.24169
1237646381542933213,-6.53831478970211,208.973599543124,16.80138,16.37104
1237646381542933841,-6.59051001102951,208.953329119571,18.15974,17.10138
1237646381542998673,-6.37868181802203,208.99292149537,17.52025,17.07221
1237646381543063592,-6.37083558732725,209.069318125215,17.11152,16.71695
1237646381543063809,-6.38444224740339,209.166167303852,17.00058,16.7051
1237646381543063904,-6.31775672000498,209.081668852497,17.47044,16.89026
1237646381543063953,-6.30280709212076,209.051920637247,17.82409,17.27506
1237646381543064354,-6.31348809276712,209.206212741257,17.21786,16.94661
1237646381543064393,-6.22760982166217,209.054080145037,15.60901,15.25681
1237646381543065258,-6.27912068299664,209.033801292152,17.73682,17.22931
1237646381543129222,-6.22461436596037,209.139928906461,17.4301,17.08074
1237646381543129429,-6.17810868412059,209.127532071342,16.96063,16.59686
1237646381543129698,-6.18100415509508,209.241305484422,16.62728,16.22656
1237646381543129759,-6.11859683227391,209.13982417041,16.80284,16.29178
1237646381543195267,-5.98366739699364,209.219708068396,16.48957,15.6118
1237646381543260744,-5.94850019962187,209.396383218418,15.90109,15.51749
1237646381543261157,-5.85557641070734,209.330919166612,17.67515,19.20996
1237646381543325835,-5.84322100182125,209.349901390642,15.63203,15.28263
1237646381543325839,-5.80528348834229,209.278863315032,15.85772,15.38415
1237646381543325905,-5.85416378899752,209.39068984715,17.17574,16.77034
1237646381543325913,-5.81228125418094,209.310463338423,17.10482,16.68451
1237646381543326009,-5.79188017525539,209.296253484812,16.00144,15.50601
1237646381543326287,-5.73732306314145,209.336941233731,16.56124,15.47396
1237646381543326542,-5.75374073742939,209.382204830991,15.96457,15.55607
1237646381543326601,-5.77394685514994,209.437767402199,16.05995,15.58759
1237646381543326833,-5.71226827548015,209.402352351056,15.93601,15.53254
1237646381543327292,-5.84509185714984,209.429732494182,17.75274,17.2761
1237646381543327768,-5.75810260821758,209.416573148763,17.61146,17.13061
1237646381543391529,-5.67634280385139,209.419040000631,16.31005,15.93016
1237646381543391575,-5.65985844399147,209.401661922935,17.35932,17.00053
1237646381543391583,-5.67719724346753,209.444892047689,16.23039,15.86318
1237646381543391627,-5.63661628449639,209.378147402909,16.52588,16.08438
1237646381543391669,-5.6985300593896,209.521881429284,15.60901,15.23563
1237646381543392145,-5.60769940407943,209.466734752244,17.52955,16.87768
1237646381543392238,-5.56893991754011,209.419623086698,17.18992,16.87659
1237646381543392348,-5.59562436534916,209.498148875177,17.12411,16.79706
1237646381543457037,-5.54418472983547,209.46570648772,16.73776,16.12487
1237646382079344941,-7.37990317313331,208.118380458428,16.49161,16.37156
1237646382079345434,-7.30957221183784,208.151444333086,16.20353,16.03177
1237646382079410288,-7.27777117341806,208.212713310619,17.01926,16.83964
1237646382079475776,-7.10525057326187,208.20078100121,16.25355,16.11118
1237646382079476040,-7.08391398047969,208.221034688418,17.29709,17.12535
1237646382079476277,-7.04525251007645,208.198160108796,17.03205,16.25316
1237646382079476342,-7.09140943940545,208.309278633615,16.97307,16.82206
1237646382079476799,-6.97935802565856,208.212706938318,16.70999,16.11897
1237646382079476967,-7.03151007324554,208.356335669709,17.18747,17.03732
1237646382079477651,-6.98974973799367,208.193178452555,17.81034,17.05785
1237646382079541340,-6.97822205917345,208.282381678264,16.32999,15.95743
1237646382079541357,-7.00173929500267,208.328658057137,16.03863,15.68392
1237646382079541631,-6.91234014774968,208.239283892611,17.22277,16.62465
1237646382079541699,-6.96094717511711,208.349894019049,16.73817,16.41261
1237646382079541728,-6.90809159304753,208.25749102974,18.10348,17.56385
1237646382079541912,-6.91436444336133,208.292983830544,17.61624,17.15666
1237646382079541994,-6.91574938369574,208.319260615496,16.42243,15.98268
1237646382079542727,-6.94917806036228,208.260592977937,18.00372,17.03082
1237646382079606869,-6.88705021979804,208.428352428096,16.93495,16.66893
1237646382079607640,-6.75798275515483,208.471107768761,15.20952,14.98551
1237646382079607680,-6.70445413134957,208.366757384899,15.98848,15.78144
1237646382079672552,-6.70007615515117,208.462532229368,17.7482,16.93807
1237646382079672588,-6.71765429607229,208.521564229406,16.33459,15.9378
1237646382079672642,-6.63729774230044,208.390680214101,15.45932,15.09149
1237646382079672786,-6.6302583636574,208.445764956344,16.84807,16.56249
1237646382079738335,-6.53777708603344,208.535900381717,17.21637,16.879
1237646382079738484,-6.46551957173836,208.51089653309,17.04699,16.18417
1237646382079738485,-6.48358014143266,208.497798981959,17.14267,16.82793
1237646382079803959,-6.39370790827252,208.6567724238,17.16475,16.43934
1237646382079803986,-6.34903727816082,208.579286971906,17.33186,16.71105
1237646382079803989,-6.37765427673948,208.639249469164,16.98003,16.55138
1237646382079804054,-6.32801649169245,208.575140516938,15.85535,15.27957
1237646382079804099,-6.35532595803344,208.687394966971,16.936,16.52606
1237646382079804389,-6.40769732805024,208.487997424206,17.9869,16.91245
1237646382079804742,-6.36534334698857,208.516293777053,17.42032,16.92537
1237646382079804787,-6.40210204144469,208.592203365396,18.3968,17.00155
1237646382079804915,-6.38989449192356,208.613568379349,17.84216,17.28415
1237646382079805324,-6.32152510800387,208.613135172085,17.47507,16.89113
1237646382079806186,-6.3234524601015,208.590635252466,21.82148,20.59196
1237646382079869048,-6.29047453125486,208.598911691222,17.14641,16.61905
1237646382079869104,-6.31484610570585,208.672948357317,17.10663,16.47295
1237646382079869144,-6.27839440826749,208.628512333716,17.84022,17.27028
1237646382079869603,-6.21897837577816,208.690139722557,15.735,15.21868
1237646382079869702,-6.24068726729149,208.770844166829,16.31179,15.57438
1237646382079934757,-6.17809415456804,208.798516457368,17.27995,16.91199
1237646382079934844,-6.13176654032358,208.728890917389,17.05644,16.67264
1237646382079934911,-6.10126531130423,208.701804091894,16.2768,15.88516
1237646382079935021,-6.07358862282899,208.70782424819,16.29491,15.75286
1237646382079935586,-6.18084124275041,208.7654980805,17.5856,17.13244
1237646382079935969,-6.11395565819272,208.757023655728,17.92501,16.85018
1237646382080000028,-6.04402342636208,208.743041020551,17.14656,16.69536
1237646382080000047,-6.02363422405171,208.713212623477,16.51653,16.0341
1237646382080000397,-5.99464152968293,208.851398978451,16.76296,16.33261
1237646382080000516,-5.92091801042064,208.781832376647,17.19692,16.72005
1237646382080001750,-5.92563256226076,208.818422045815,17.71179,17.17122
1237646382080065645,-5.87999371707742,208.773336399499,16.58656,16.08534
1237646382080065674,-5.93683919504953,208.90234938926,16.35856,15.90612
1237646382080131559,-5.73690728048545,209.023066561226,17.26979,16.3621
1237646382080197278,-5.52878769812018,208.96212416324,17.38148,16.81298
1237646382080262641,-5.4711320537336,209.166972388444,16.32059,15.91821
1237646382080262656,-5.43628363042063,209.143039650463,16.08913,15.66747
1237646549575336530,-44.8847775929392,179.870517362659,23.83072,22.24875
1237646551172318098,-12.9985998159889,207.169356306024,21.55502,19.69054
1237646585559187506,-26.8308008024965,199.121420184969,19.99689,19.69541
1237646585559187545,-26.832502985399,199.141850358694,17.25729,16.74891
1237646585559187811,-26.7519941393686,199.067869075075,20.16924,19.87475
1237646585559187861,-26.8002999534042,199.279330885922,20.16127,19.80688
1237646585559253377,-26.6236862052911,199.164809810811,19.90081,19.56056
1237646585563185946,-18.7686991914182,203.912443948946,20.1016,19.44124
1237646585563513044,-18.084035412218,204.332406052653,20.10641,18.90512
1237646585563513548,-18.1116120450327,204.349822827067,18.15786,17.2621
1237646585563643993,-17.9129750605398,204.403728392184,16.50757,15.85498
1237646585563644094,-17.9272874549144,204.495044882188,16.04441,15.21799
1237646585563644566,-17.9394275663617,204.4246121292,19.24866,17.81583
1237646585563644661,-17.9321576335002,204.4765277951,18.66842,18.12538
1237646585563644838,-17.893397915833,204.540285666351,19.55356,18.97342
1237646585563644920,-17.8202323196799,204.486953049015,18.36438,17.1273
1237646585563645423,-17.8765312385492,204.508475144026,21.20983,20.37673
1237646585563645485,-17.8688772949927,204.566094215326,21.68503,20.18697
1237646585563709988,-17.8006766090251,204.463855352167,19.25876,18.65072
1237646585563710511,-17.7827275365433,204.497794750571,21.02813,19.48957
1237646585563710534,-17.8073249557788,204.676639626746,21.20042,19.65254
1237646585563710575,-17.8426754226675,204.65813710477,20.45384,19.80857
1237646585563710949,-17.6940591973106,204.55122431509,22.39688,20.68152
1237646585563775329,-17.6184150908649,204.707854740604,19.50709,18.0971
1237646585563775441,-17.5780147028332,204.607838310733,17.39803,16.63741
1237646585563775639,-17.6322983642377,204.580945031404,19.7668,18.84143
1237646585563775767,-17.6032662240738,204.639922958523,18.71148,17.34442
1237646585563776176,-17.6416343482307,204.630154389053,21.77902,20.27854
1237646585563776194,-17.6854341887299,204.743016764584,21.36776,20.67504
1237646585563776213,-17.6442607253916,204.679562478369,22.06591,20.43549
1237646585563776264,-17.5662968895295,204.601526204644,22.38832,20.77862
1237646585563840555,-17.5896573081685,204.783489870221,15.45098,14.83743
1237646585563840578,-17.5972023872355,204.759295348846,19.05951,18.27053
1237646585563841186,-17.5505355549851,204.781230107129,19.03899,18.4782
1237646585563841252,-17.459814758081,204.65595427897,18.9591,18.19646
1237646585563841256,-17.4906769532211,204.721046603903,19.73721,18.24727
1237646585563841438,-17.5287516152718,204.769021072229,20.4235,19.57411
1237646585563841660,-17.5135793927893,204.651975335936,21.38213,20.66658
1237646585563841670,-17.5471888421113,204.74178212339,21.96606,20.33832
1237646585563841793,-17.4919533968137,204.754131675392,22.30809,20.66148
1237646585564496641,-16.1360800168956,205.396446938706,21.62965,19.86584
1237646585565151362,-14.9228537476871,206.138474067489,21.10984,19.15295
1237646585565151454,-14.8592197695539,206.206260944013,20.79992,18.67007
1237646585565151456,-14.8199959436168,206.129887435256,20.88723,18.82458
1237646585565151524,-14.9696844214862,206.262462508852,21.40525,19.8163
1237646585565151538,-14.8791397593072,206.150383225139,22.06785,19.40809
1237646585565151553,-14.8048110322097,206.126071075204,22.14956,19.79482
1237646585565151650,-14.9480658394208,206.234606892843,22.80643,20.5706
1237646585565216994,-14.7216165112118,206.367059836334,21.09118,18.36352
1237646585565217293,-14.717157466206,206.348011898868,23.77967,20.91943
1237646585565282442,-14.5712276949982,206.305457708893,20.09276,17.99473
1237646585565282453,-14.5260926973042,206.304929667365,20.90639,18.88725
1237646585565282456,-14.5603224778854,206.375124357123,22.82901,19.31123
1237646585565282490,-14.6601691886912,206.345922110905,22.62966,20.06192
1237646585565282528,-14.5093938692765,206.303609006181,22.62256,20.13431
1237646585565413555,-14.3229346678327,206.406483725217,21.18299,19.39935
1237646585565413605,-14.265593933421,206.474848278967,21.03235,19.01395
1237646585565479465,-14.1319001597907,206.515796813536,21.56756,19.75664
1237646585565479478,-14.1325161332281,206.55575353125,22.09091,19.73214
1237646585565479543,-14.3045042104055,206.567905176696,22.67862,21.19151
1237646585565545065,-14.1358545950766,206.673469654517,21.65592,19.52323
1237646585565545369,-14.081112583129,206.664752989723,22.53069,20.32154
1237646585565545375,-14.038865269679,206.589659686477,23.14442,20.88878
1237646585565610322,-13.9556039537908,206.712862454304,19.58392,18.09688
1237646585565610542,-13.9791303716188,206.592478678695,21.10015,19.15656
1237646585565610837,-14.0388743671232,206.74292035833,22.57927,20.68033
1237646585565611074,-13.8880015083421,206.666954310396,22.294,20.16062
1237646585565676024,-13.7547425484036,206.701313700545,19.37527,17.97497
1237646585565676326,-13.8752176102257,206.790623299733,21.91744,19.90968
1237646585565676348,-13.7707272522075,206.715310879614,20.7658,19.39695
1237646585565676732,-13.8250035214723,206.879514793524,22.71757,20.83572
1237646585565676948,-13.8667635018905,206.810749680406,23.25957,20.90132
1237646585565741827,-13.7696765757056,206.874147730589,20.12211,18.70071
1237646585565741881,-13.6673485370254,206.804495504778,20.15892,18.23136
1237646585565741991,-13.718492685386,206.959360816462,22.06667,20.2417
1237646585565742176,-13.6966735467576,206.758521288464,21.97943,19.9433
1237646585565742444,-13.6229474216242,206.825822937569,22.04505,20.18802
1237646585565806617,-13.6405481884729,206.967019010885,19.59463,18.09703
1237646585565807566,-13.5700503705848,206.803540218583,20.67107,19.19714
1237646585565807710,-13.5517039273878,206.827968984883,21.75086,19.73964
1237646585565807731,-13.5673090671896,206.957785790613,21.49184,20.04858
1237646585565807743,-13.5333800678334,207.004651235975,21.38821,19.60242
1237646585565807745,-13.5313977500564,207.033158761997,21.64049,20.00923
1237646585565807843,-13.6100549249272,206.869471324789,22.40293,20.64353
1237646585565807851,-13.6225693042407,206.900294142233,22.6397,20.94481
1237646585565807884,-13.5851540213961,206.854530291566,22.28451,20.27645
1237646585565872373,-13.3342173730943,206.963680907515,22.26466,20.60202
1237646585565873224,-13.4987041309968,206.999339844873,22.68748,20.83408
1237646585565873255,-13.4553958665714,206.940110611878,22.23952,20.58571
1237646585565873345,-13.4578666126574,207.028133501684,22.69849,20.89415
1237646585565938381,-13.2394713969479,206.977929208044,19.24319,17.76398
1237646585565938552,-13.3540168247976,207.061120371865,20.61301,18.85327
1237646585565938687,-13.2369441143086,207.1211772892,20.55719,18.81277
1237646585565938724,-13.3226949783266,207.117819490099,21.83633,20.07969
1237646585565938730,-13.2462008724239,207.022042623766,21.29369,19.53922
1237646585565939018,-13.2615582660378,206.981819126981,22.41489,20.50035
1237646585565939029,-13.2840015641891,207.036829442308,22.45953,20.6756
1237646585566004058,-13.2414931370245,207.2077315294,21.14356,19.31036
1237646585566004187,-13.2560745090867,207.176219788682,21.59391,19.70621
1237646585566004199,-13.209098517794,207.191919883474,21.95547,20.03895
1237646585566004209,-13.1668477443886,207.200240666021,21.62183,19.7814
1237646585566004212,-13.1460129487626,207.178303078555,21.17247,19.60044
1237646585566004216,-13.1083611132028,207.12308564266,21.38902,19.8067
1237646585566135108,-12.868489855561,207.382273670269,20.0347,18.53824
1237646585566135378,-12.9595531628489,207.289157016284,21.83785,20.05082
1237646585566135389,-12.890639553908,207.16789813664,22.71055,20.68908
1237646585566135602,-12.8432868053046,207.280863789689,22.3516,20.7888
1237646585566135627,-12.8620472207822,207.329910825115,22.75092,20.78429
1237646585566135652,-12.8560763688744,207.331838917485,21.87489,20.1372
1237646585566200010,-12.7296494182545,207.29763874492,23.7206,20.55637
1237646585566200883,-12.8146323329906,207.381593531901,21.98781,20.2456
1237646585566200888,-12.7847094699689,207.353140553221,21.80643,20.07829
1237646585566200900,-12.7073264108766,207.269861444853,21.50278,19.91883
1237646585566200916,-12.7003696331503,207.296296821662,21.46207,19.56264
1237646585566265969,-12.6601515412591,207.352753318976,20.21967,18.73569
1237646585566332321,-12.4421929816312,207.478015575194,22.02771,20.5065
1237646585566397740,-12.3182060618661,207.53318547797,20.60341,18.96489
1237646585566397767,-12.2674538009605,207.516368629769,19.96132,18.49771
1237646585566397822,-12.3220550335938,207.560147243823,21.61831,19.9908
1237646585566397950,-12.462785354408,207.597581354612,22.44662,20.88094
1237646585566398125,-12.3554046585986,207.516482211252,22.22887,20.60584
1237646585566398355,-12.3462603250334,207.651946234749,22.01687,20.35258
1237646585566398390,-12.3015964023906,207.602305548866,21.93711,20.37474
1237646585566528939,-12.1035761928459,207.690805931785,21.6334,19.96846
1237646585566528945,-12.0641966751533,207.700567752108,22.24387,20.71647
1237646585566529372,-12.1064868009139,207.77661062003,21.86567,20.2337
1237646585566529795,-12.1298184772187,207.807889071838,23.84775,21.94571
1237646585566594517,-11.9762183923494,207.773445589957,22.19895,20.3898
1237646585566594912,-11.9703935778711,207.803099624719,22.20158,20.43598
1237646585566659794,-11.7749954748887,207.840879731908,21.09466,19.4287
1237646585566725417,-11.6743330149795,207.860376180387,21.87774,20.3151
1237646585566725438,-11.6774340922456,207.9805366608,21.57633,19.72166
1237646585566725780,-11.7164424307323,207.95491377921,22.1417,20.29383
1237646585566791299,-11.6346032843421,208.07791780808,22.10273,20.20513
1237646585566791371,-11.5566684373344,207.977130776084,22.36372,20.5878
1237646585566791410,-11.5299931852963,207.951839066294,22.15679,20.35232
1237646585566791476,-11.5104745589809,207.961518958109,21.93148,20.17748
1237646585566856533,-11.4030212447358,208.00235306708,20.92042,19.21788
1237646585566856539,-11.454257847739,208.113577917475,20.8938,19.33808
1237646585566856863,-11.4543707055479,208.009146927881,21.86343,20.13018
1237646585566922151,-11.201089844839,208.08888860065,21.46341,19.60793
1237646585566922179,-11.3627286176146,208.11248755155,21.64366,20.00539
1237646585566922195,-11.3375082690699,208.204512878718,22.5181,20.54127
1237646585566987481,-11.2461269408355,208.244038464726,20.5665,19.00363
1237646585566987801,-11.2501778587358,208.208307478465,22.23428,20.73846
1237646585566987830,-11.2342591692469,208.200781109565,22.75136,20.80319
1237646585567052777,-11.0135936943295,208.260808764185,19.41331,18.53534
1237646585567053094,-11.0885924482381,208.253086691081,21.46822,19.4251
1237646585567053177,-11.0014417658737,208.214030438839,20.39362,18.87664
1237646585567053197,-10.9888168343006,208.211766158746,20.5556,19.03644
1237646585567053221,-10.9834792025156,208.26757634012,21.13268,19.54038
1237646585567053294,-11.0592441649334,208.304602740505,21.96122,20.16082
1237646585567053295,-11.0582754005819,208.323680938197,21.83302,19.9649
1237646585567053304,-11.0101492734322,208.265766611711,22.00574,20.32479
1237646585567053486,-11.0874280863227,208.233608432771,22.17867,20.71861
1237646585567119187,-10.9551479735622,208.380974443538,22.27042,20.59565
1237646585567184720,-10.8156961707372,208.39664441967,22.09975,20.15284
1237646585567249857,-10.6913774877712,208.435364642373,21.46374,19.63381
1237646585567250438,-10.6360990139303,208.579303384099,22.43092,20.45177
1237646585567315919,-10.4280910537834,208.527319615193,22.53749,20.68968
1237646586096058822,-26.6103494194825,198.801766558331,19.77531,19.39688
1237646586096059026,-26.6264784481459,198.817531365762,20.57885,20.00739
1237646586096124243,-26.4795197305412,198.899949181339,19.89805,19.56341
1237646586096189712,-26.4319485698948,198.973336123741,19.55541,19.27145
1237646586096189751,-26.3825635717114,198.929462687089,20.14439,20.10841
1237646586096189778,-26.317311061325,198.859759477094,20.09242,19.80366
1237646586096189817,-26.320925361398,198.946765291469,19.75869,19.38773
1237646586096189823,-26.29378384038,198.911144461069,19.52425,19.18709
1237646586096190006,-26.3358702228916,198.89432045665,20.31556,19.93726
1237646586096255262,-26.3061644419486,199.051471911396,19.56647,19.14536
1237646586096255319,-26.1955136798183,198.918766144812,20.24573,19.8337
1237646586096255586,-26.257844828734,198.972595670103,20.24272,19.88297
1237646586099860485,-19.0507114072323,203.44686526222,21.53902,19.9662
1237646586099926070,-19.0061261770329,203.498773799746,20.8047,19.37461
1237646586099926114,-18.9332809656779,203.554109955599,20.69164,19.27161
1237646586099990569,-18.8685071179296,203.574212981933,16.61058,16.3551
1237646586099991019,-18.7692664369379,203.635320064932,20.45825,19.01031
1237646586099991275,-18.8365177296196,203.584362544103,19.99021,19.19507
1237646586099991356,-18.8112167665868,203.622562468118,18.57771,17.92503
1237646586099991728,-18.7719008761953,203.615906508883,20.18487,19.63111
1237646586099991767,-18.8152947706192,203.449148638575,21.79589,20.1137
1237646586099991794,-18.8485614441883,203.523593141414,21.89048,20.39626
1237646586099991901,-18.8129596640243,203.553515496522,22.00196,20.57434
1237646586099992161,-18.7236933069648,203.595680226465,21.00694,20.34853
1237646586100056992,-18.7312362066818,203.619840839796,22.1548,20.5627
1237646586100057224,-18.627047796376,203.518504741901,22.14401,20.55205
1237646586100057266,-18.6516379919187,203.598860715727,20.95424,20.19921
1237646586100122021,-18.5523530421062,203.611748358456,19.11083,18.44928
1237646586100122169,-18.4747862947507,203.575387236281,19.38529,17.92398
1237646586100122262,-18.4395547564662,203.613337534346,19.55806,18.66981
1237646586100122880,-18.3966688515348,203.62122119704,20.53371,19.73152
1237646586100253530,-18.2792455944319,203.892661124996,20.56227,18.84235
1237646586100253537,-18.2772175489669,203.926994496685,21.064,19.39141
1237646586100318523,-18.1191928274479,204.022755819599,22.28938,20.53299
1237646586100318560,-18.0474277969666,203.89425616326,16.75539,15.79925
1237646586100318579,-18.1121260319315,204.026212590322,17.10841,16.52928
1237646586100318647,-18.184894768436,203.89635512264,19.29762,18.62329
1237646586100318755,-18.168843945199,203.972903784221,17.67533,16.75435
1237646586100318777,-18.1268481532202,203.906601358598,19.06696,18.51078
1237646586100318874,-18.1066738203294,203.965182835588,19.39028,18.41213
1237646586100318977,-18.048634011901,203.918788158539,19.36934,18.58852
1237646586100319052,-18.2010185005437,203.93252016427,20.30806,19.26248
1237646586100319165,-18.0774775679212,203.889158171387,21.80306,20.30311
1237646586100383861,-17.9100567319471,203.925201782894,20.67034,19.08693
1237646586100383865,-17.9575415608945,203.912792646824,21.41752,19.88154
1237646586100383875,-17.8837823525317,203.922199449331,19.7352,18.908
1237646586100383884,-17.9047546103033,203.946641919973,21.91426,20.47114
1237646586100383893,-17.9173093613631,203.923164170559,21.56366,20.40731
1237646586100384056,-18.0028865889414,203.892725706916,19.35892,18.34224
1237646586100384077,-17.9960906267308,203.887673126752,19.36018,18.63718
1237646586100384176,-17.9973022913249,204.007815884439,17.9744,16.56426
1237646586100384211,-18.0076541790585,204.074332223215,19.46374,18.80808
1237646586100384233,-17.9416391752881,203.995971579056,18.82561,17.8489
1237646586100384276,-17.9154369438846,204.006362782912,19.09735,18.12169
1237646586100384302,-18.0855858560562,204.030466989146,19.91975,18.45009
1237646586100384326,-18.030380522157,203.979016399878,20.78185,19.91332
1237646586100384370,-17.9678648985501,204.058272548923,20.22047,18.70542
1237646586100384414,-17.9419895319725,203.954242387688,21.50054,19.95281
1237646586100384504,-18.0675941834606,203.978714424292,21.29202,20.40511
1237646586100384541,-18.0493012493979,203.980101657717,22.39257,20.63227
1237646586100384604,-18.0425645612677,204.025641685861,20.35639,19.51824
1237646586100384782,-17.9442443406648,204.045030271866,22.79141,20.86012
1237646586102153733,-14.3470474484042,205.973821394149,22.25539,19.90732
1237646586102218815,-14.2831224216431,205.988633681773,20.42992,18.98764
1237646586102219094,-14.2739687971381,206.160345443494,19.2025,17.71708
1237646586102219266,-14.3725951597841,206.075902206358,21.80304,19.53116
1237646586102219551,-14.2597004272852,206.01437437199,23.25972,21.12905
1237646586102285058,-14.138051479062,206.072944109985,22.78379,20.38131
1237646586102285118,-14.1226036904703,206.091237629569,22.50972,20.295
1237646586102350542,-14.0529280930273,206.268257896737,21.53926,19.39182
1237646586102415685,-13.9311384124714,206.31715078053,19.42963,17.99646
1237646586102415931,-13.9649400664614,206.283172826063,21.287,19.29687
1237646586102415943,-13.9374099346601,206.276007630879,21.40047,19.32942
1237646586102416064,-13.9681221083013,206.271958976383,21.78549,19.74384
1237646586102416102,-13.8116344921034,206.253769843686,22.01741,19.93138
1237646586102416346,-13.8923727628503,206.272080848572,22.51634,20.57352
1237646586102416392,-13.8954431315738,206.313703144112,22.43062,20.31338
1237646586102416400,-13.826892406267,206.187425835807,22.47229,20.15973
1237646586102480944,-13.7987364099127,206.322792419236,21.44054,19.37439
1237646586102481413,-13.7663642074588,206.425538649484,18.83622,17.37072
1237646586102481709,-13.6737125835462,206.315321084991,21.16147,19.64319
1237646586102481837,-13.8268253956199,206.33896796356,22.0411,20.14187
1237646586102481971,-13.7420262849259,206.277943492194,22.60115,21.12314
1237646586102547236,-13.6381436439942,206.345609937724,21.50676,19.93079
1237646586102547277,-13.6007139164446,206.504574990363,21.59425,19.88342
1237646586102547714,-13.5734310558182,206.44684499188,22.47464,20.4549
1237646586102678460,-13.2943734586041,206.483422107392,20.13559,18.65973
1237646586102678808,-13.3457115994486,206.493866142419,22.46908,20.64459
1237646586102678818,-13.4126653435159,206.628843202639,22.18578,20.57289
1237646586102678943,-13.3325594137601,206.547388002475,22.34508,20.43103
1237646586102678951,-13.3667143016989,206.626520430116,22.2776,20.65338
1237646586102743556,-13.3028385608588,206.646339288487,21.56033,19.7865
1237646586102744152,-13.1379918876661,206.578127034519,20.96355,19.09685
1237646586102810130,-13.0358984825586,206.723952496394,22.03159,20.03674
1237646586102874757,-12.8654674683762,206.712291715619,19.0903,17.59416
1237646586102874849,-13.0041844597771,206.701860712255,21.25817,19.28964
1237646586102874862,-12.9694735516023,206.710621064599,21.29808,19.10475
1237646586102874908,-12.9204989240615,206.71111752993,21.0192,18.92364
1237646586102875245,-12.9325959593703,206.681253050027,22.83829,20.546
1237646586102875259,-12.9584407387259,206.747571491489,22.8566,20.73347
1237646586102940617,-12.7800814850479,206.78274987415,20.33416,18.87841
1237646586102940887,-12.9011225574416,206.895836236924,21.70186,19.79675
1237646586102941060,-12.7708718122692,206.801798640976,22.01116,20.32268
1237646586103005630,-12.7951519796893,206.956916355274,18.73923,17.86102
1237646586103005650,-12.7891043884054,206.954001353111,19.23974,18.25383
1237646586103006168,-12.7393962625158,206.827177847872,20.64338,19.08093
1237646586103006263,-12.6711935472556,206.952179934101,21.28916,19.42867
1237646586103006275,-12.7921976387542,206.935525146248,20.36314,19.28193
1237646586103006529,-12.770134093087,206.971065871797,22.02383,20.12621
1237646586103072128,-12.5809946954162,206.863859162119,22.96922,20.90991
1237646586103072243,-12.5935454252311,206.964437135157,22.52962,20.57439
1237646586103072360,-12.5371188031251,206.941061331422,22.24755,20.16783
1237646586103137592,-12.4731866107861,206.980453887848,22.87388,21.01372
1237646586103137689,-12.4381960326681,206.983235408594,22.17886,20.523
1237646586103137709,-12.42726931926,206.987787539489,21.8585,19.94791
1237646586103203264,-12.3497540897321,207.09993925313,22.1401,20.18629
1237646586103203444,-12.2571122816493,207.046590061288,22.52658,20.65622
1237646586103203516,-12.2566779075651,207.092241994638,21.96906,20.14297
1237646586103268674,-12.1783492876523,207.234179421244,20.51195,18.80577
1237646586103269109,-12.2148922132267,207.269223549754,22.06547,20.46109
1237646586103269152,-12.1377258012723,207.152245680662,21.87785,20.185
1237646586103332912,-12.1277012039456,207.284593868002,20.02545,18.59419
1237646586103334517,-12.0606263699082,207.145938415768,22.09123,20.58963
1237646586103398525,-11.9241676133292,207.225594425757,22.5046,20.31477
1237646586103400224,-11.9005411096969,207.29643035883,22.48895,20.5918
1237646586103400236,-11.9415783422287,207.387427245034,22.83144,21.1994
1237646586103400314,-11.9236789380773,207.415875382736,22.53203,20.67404
1237646586103465229,-11.7789827166482,207.429558560146,20.64904,19.1448
1237646586103465469,-11.8066983627598,207.342883041601,22.31554,20.59855
1237646586103465827,-11.7312249304528,207.443675301521,22.31792,20.50316
1237646586103529634,-11.5894540362645,207.447583657267,21.49619,19.4233
1237646586103529774,-11.6421578352333,207.54608600883,20.21874,18.68906
1237646586103530755,-11.6417120583791,207.52819352088,21.56419,19.69846
1237646586103596337,-11.4670135379287,207.478202824933,21.45378,19.55592
1237646586103596341,-11.5270602326813,207.600558040773,21.49813,19.69472
1237646586103661807,-11.3905393235978,207.555531990081,20.60316,18.9397
1237646586103727456,-11.3384367846531,207.730236358647,21.41875,19.82713
1237646586103727473,-11.1957718290774,207.608566602311,22.02382,20.25943
1237646586103791676,-11.149501147784,207.711865282384,20.09173,18.33228
1237646586103793105,-11.0612055835432,207.789330176,21.80337,19.93479
1237646586103857904,-11.03528465721,207.9001371169,18.7578,17.83528
1237646586103858470,-10.9509010984273,207.826894515737,21.51068,19.63092
1237646586103924093,-10.8537966677391,207.941589103211,20.65341,18.81297
1237646586103924304,-10.9033664530979,207.865482818401,22.53641,21.12252
1237646586103924327,-10.9291579505268,207.932957891269,22.56727,20.75015
1237646586103924531,-10.8164716987371,207.82293083345,22.55207,20.70334
1237646586103924578,-10.795048871449,207.820386993856,22.08462,20.15048
1237646586103989343,-10.6724385216091,207.910211265829,19.54812,18.01747
1237646586103989636,-10.6321720273855,207.959590243076,22.88545,21.12032
1237646586103989837,-10.7358694514406,208.065440269204,20.29757,18.77925
1237646586103989956,-10.6386645113748,207.942307024289,21.51931,19.8363
1237646586103990213,-10.7643493415816,208.002708615988,22.02453,20.25797
1237646586103990437,-10.6592568089029,207.926973402401,21.56309,19.79471
1237646586103990605,-10.6274757667422,207.96359343644,22.50959,20.86196
1237646586104053799,-10.6626038987196,208.042590909208,17.66906,18.09149
1237646586104055827,-10.5735624721132,208.025992675754,22.39054,20.41061
1237646586104056023,-10.5719018892838,208.117677936335,21.91522,20.14696
1237646586104119601,-10.4513835134411,208.159814861816,21.28646,19.74337
1237646586104120380,-10.442226533563,208.181560346868,19.67077,18.11167
1237646586104121288,-10.4196085313179,208.09488060613,22.18771,20.40321
1237646586104121396,-10.4029117644956,208.126823522153,21.70734,19.93199
1237646586104121401,-10.4196736525818,208.160213441536,21.98703,20.1491
1237646586104121416,-10.3677678934116,208.060508267956,22.00469,20.16984
1237646586104185998,-10.3093202566781,208.13895515602,19.33091,17.75235
1237646586104186179,-10.3132261526662,208.245614474695,19.36516,18.62327
1237646586104186948,-10.3345830531723,208.189542833886,22.26799,20.3844
1237646586104187088,-10.3177157991491,208.228791874406,21.90647,20.16092
1237646586632012211,-28.1217511552511,197.166904006784,19.71941,19.40872
1237646586632012403,-28.1081140651782,197.051412264779,20.37569,20.0855
1237646586632143372,-27.9323953549888,197.175182402214,20.54375,20.09368
1237646586632143386,-27.9105629803448,197.259522333562,20.49119,20.084
1237646586632208461,-27.8564563452276,197.441202549868,18.52965,17.88139
1237646586632208510,-27.7691515591353,197.335048898299,20.47306,19.85913
1237646586632208646,-27.8744079081896,197.473311553736,19.71309,19.44062
1237646586632208707,-27.7720723141287,197.380807214352,20.1619,19.79021
1237646586632208782,-27.6951642499121,197.355152559186,20.35485,20.62942
1237646586632208952,-27.8168380549058,197.3636519231,20.54102,20.10272
1237646586632208972,-27.7881460334701,197.429017934135,20.54319,20.15682
1237646586632274168,-27.7444602965278,197.464070385545,20.38666,19.06363
1237646586632274188,-27.6784640546868,197.384545531183,18.49796,17.9157
1237646586632274204,-27.7389006864483,197.527250411679,20.19035,20.02059
1237646586632274221,-27.6713165735645,197.423697688844,19.52518,19.24957
1237646586632274269,-27.6419733709962,197.461954245629,19.92083,20.3007
1237646586632339501,-27.5746334627254,197.502084606786,17.24797,16.77785
1237646586632339687,-27.4338171286361,197.517406910111,17.2198,16.87021
1237646586632340007,-27.5624854537956,197.585983301501,20.35601,20.02535
1237646586632340035,-27.4972015609659,197.578590688913,20.55393,20.09339
1237646586632405396,-27.3990597870237,197.724457133967,19.63987,19.39597
1237646586632405410,-27.3783989522169,197.703855457376,18.48468,17.91476
1237646586632405568,-27.4489660085575,197.699821945884,20.15632,20.14579
1237646586632470739,-27.2935534684539,197.763868633554,20.41023,20.10493
1237646586632471125,-27.3434872400292,197.770321346289,20.63143,20.25127
1237646586632471155,-27.2141457972413,197.708193284821,20.23719,19.8959
1237646586632536528,-27.238646824485,197.82590564365,20.36595,20.07265
1237646586632536576,-27.1364442305204,197.800644345915,20.58402,20.22524
1237646586632536596,-27.1723786105115,197.934656551171,20.42755,20.0635
1237646586632601881,-26.9465021903563,197.928583155638,19.90936,22.89984
1237646586632601973,-27.0537543327399,197.93087113555,20.44921,20.74359
1237646586632602066,-26.9928187460589,197.993721017583,20.19949,19.83751
1237646586632667475,-26.859120140853,197.965869678897,19.514,19.22114
1237646586632732996,-26.7139654933223,198.086663244807,20.13224,19.81966
1237646586632864239,-26.4564613391832,198.270929106453,19.67893,19.39108
1237646586632929641,-26.4067793872889,198.249390783765,19.9927,19.72723
1237646586632929771,-26.3465835921955,198.346595621713,19.71047,19.3925
1237646586632929918,-26.4087215988761,198.421621838213,20.37651,20.02707
1237646586632994890,-26.2702005773507,198.29942958625,19.78853,19.51727
1237646586632994987,-26.2072779247434,198.34924846194,20.1156,19.76224
1237646586632995190,-26.3045000955978,198.423295391364,19.91895,19.57593
1237646586632995193,-26.2615336546679,198.349065140112,20.03556,19.72927
1237646586632995236,-26.2906044465318,198.514463814693,19.67177,19.3653
1237646586632995505,-26.1877327713064,198.395934656875,20.31897,19.98846
1237646586633060409,-26.2020728567235,198.551563052076,20.24235,19.94366
1237646586633060609,-26.2176804872903,198.545935611071,20.32528,20.59954
1237646586633060712,-26.1251471232858,198.571194773041,19.7438,19.43073
1237646586633060757,-26.1293252530475,198.634288269676,20.11237,19.73809
1237646586633060820,-26.0833898941956,198.598445479589,20.17134,19.85973
1237646586633126300,-26.0429203107008,198.692236255096,19.90704,19.53508
1237646586633126358,-25.9636528153264,198.6481255885,19.869,19.53639
1237646586633126385,-25.9868416101949,198.714525946638,19.50315,19.19427
1237646586636665522,-18.9175230743962,202.866123068535,19.64305,18.20601
1237646586636730952,-18.8727518891848,202.913758415578,19.94699,18.39215
1237646586636731158,-18.8521319959784,203.024305700855,20.03107,18.53181
1237646586636796262,-18.6519308459503,203.00557560791,22.22391,20.53151
1237646586636796773,-18.7063630995733,203.098377286672,19.53882,18.83024
1237646586636861771,-18.5470583288128,203.126517503717,15.87497,15.47922
1237646586636862349,-18.4954090023933,203.142850644053,21.05177,19.55672
1237646586636862719,-18.5655711186295,203.128045582952,20.93962,20.2139
1237646586636927540,-18.4297583449627,203.140384873326,19.81887,18.49107
1237646586636927735,-18.3578637834576,203.210702179714,18.709,17.27561
1237646586636928085,-18.4337710535332,203.096862963272,21.44141,19.82179
1237646586636993178,-18.2734619125106,203.202600975596,18.47707,17.05319
1237646586637123785,-18.0910007219976,203.48814794841,16.27516,15.92486
1237646586637124200,-18.0840093495104,203.442416572242,19.9383,19.43718
1237646586637124709,-18.0600507980459,203.52582631538,20.40827,20.61988
1237646586637189555,-17.8809696415468,203.577978129691,17.22204,16.47627
1237646586637189908,-17.8990287650975,203.576250465179,19.72577,19.05769
1237646586637190078,-17.9449269000592,203.60335497285,20.71047,19.18646
1237646586637320757,-17.6491541416524,203.62084369996,21.19288,19.63399
1237646586637320981,-17.6862755794598,203.607616154557,21.72475,20.1801
1237646586637451455,-17.3954322931908,203.782012661139,17.90319,17.35665
1237646586637451525,-17.3641145072607,203.767368562269,17.87029,17.28064
1237646586637452179,-17.4052736071656,203.911810249699,20.88684,19.10313
1237646586637452210,-17.276800633235,203.763854538101,21.05557,19.17641
1237646586637452237,-17.4063007390909,203.929289869044,21.20933,19.89197
1237646586637452341,-17.4550141639273,203.783243901874,22.04423,20.29449
1237646586637452521,-17.3868129307298,203.82663212198,20.61291,19.44593
1237646586637452566,-17.3988539698184,203.891056505425,21.81081,20.80564
1237646586637452603,-17.3324147082298,203.801605069153,22.35003,20.59139
1237646586637516847,-17.2532707617518,203.830659190782,15.68392,15.06611
1237646586637516849,-17.2179506491985,203.866709561825,16.19183,15.57781
1237646586637516855,-17.1806619056941,203.843195199931,17.01392,16.4306
1237646586637516892,-17.2409050620869,203.83758336407,20.71889,19.65849
1237646586637516897,-17.2256976747919,203.852755245285,20.99109,19.78892
1237646586637517050,-17.1941902230712,203.902457199338,20.48033,19.82835
1237646586637517261,-17.2741469121545,203.831986899946,18.2703,16.84716
1237646586637517282,-17.2864328379508,203.894552084519,18.00301,17.44231
1237646586637517637,-17.2091690003346,203.958518570918,20.67873,19.1508
1237646586637517659,-17.3591568896362,203.956326618446,21.8592,20.21459
1237646586637517670,-17.2615364140605,203.796655846874,21.87321,19.91848
1237646586637517769,-17.2731705363986,203.769537898243,21.64817,20.53949
1237646586637517955,-17.2828929821925,203.970919613597,21.58499,19.95782
1237646586637648345,-17.019356849681,203.97623282181,18.62622,17.15586
1237646586637648849,-17.0281256077607,203.97722752614,21.6574,19.87028
1237646586638566371,-15.1731194095684,204.971036466307,22.21431,20.36404
1237646586638566450,-15.203352735192,205.085529941402,22.07768,20.46829
1237646586638632084,-15.004517510362,205.053686777911,23.44354,21.51738
1237646586638632090,-15.0356330915232,205.119283720009,22.08721,20.15634
1237646586638632337,-15.0108278438385,205.230780797398,22.28016,20.59161
1237646586638697552,-14.8954298026493,205.195253686297,22.83521,21.03011
1237646586638697638,-14.8677740129525,205.186067870258,22.33392,20.22222
1237646586638762197,-14.8233733465797,205.310596826904,19.04965,17.68173
1237646586638762545,-14.6903245622436,205.278912683345,20.96457,18.88589
1237646586638827524,-14.6598308936601,205.301301635875,20.86459,19.35357
1237646586638827842,-14.5423681500088,205.307301378794,21.33312,19.35855
1237646586638827874,-14.618689548843,205.324135683059,22.41222,19.91744
1237646586638828067,-14.6000541705615,205.300804476354,21.7328,19.80163
1237646586638828352,-14.590242122797,205.429087440554,23.68768,20.69414
1237646586638893261,-14.4933337060973,205.366988218889,20.01358,17.56207
1237646586638893353,-14.4807068877468,205.371255804657,20.62696,19.25779
1237646586638893383,-14.5332375325275,205.37546988666,24.35052,21.37096
1237646586638958659,-14.3511161223001,205.431013326068,19.07206,17.53716
1237646586638958843,-14.2950997547212,205.545236453547,21.11359,19.15107
1237646586638958853,-14.4268435944747,205.542370393825,21.99439,20.33229
1237646586638958862,-14.3741538701275,205.507512501212,21.96968,19.63791
1237646586639024138,-14.233677892539,205.458899144304,19.13946,17.71021
1237646586639024614,-14.1590835407692,205.614095355636,20.65476,18.62299
1237646586639024643,-14.1676523410957,205.567871166307,21.26946,19.53078
1237646586639089965,-14.0769371609981,205.697086052835,19.86892,18.37764
1237646586639090207,-14.0975436649744,205.679527668474,22.16119,20.06469
1237646586639090551,-14.0036313371582,205.632479940485,23.02201,20.49341
1237646586639155584,-13.9738000815693,205.703363649582,20.59499,19.16596
1237646586639155669,-13.9761517778783,205.645021722601,22.74,20.32409
1237646586639156174,-13.9226385842587,205.632895757402,23.54387,20.47257
1237646586639221362,-13.8603353547284,205.711561746677,21.09372,18.87259
1237646586639221530,-13.7819023253739,205.846304089437,21.99514,20.04241
1237646586639221642,-13.9105899856338,205.851081943411,22.16304,20.10925
1237646586639287007,-13.6782279890176,205.977599334847,21.04733,18.91747
1237646586639287071,-13.647556503125,205.807073733673,21.93954,19.84412
1237646586639287302,-13.7623364277965,205.956513711191,22.9961,21.13555
1237646586639287538,-13.6563597559642,205.959342621813,22.64656,20.52197
1237646586639352222,-13.5768864036461,205.968584735124,19.09289,17.61198
1237646586639352588,-13.5306652288305,205.998047658899,20.58782,19.0962
1237646586639352699,-13.6598135268526,206.015264631738,22.0735,19.99148
1237646586639352751,-13.5651593233675,205.858214091309,22.93389,20.70405
1237646586639352828,-13.5938188826992,205.96753427113,22.06512,20.11779
1237646586639352944,-13.5679322450512,205.992719822258,22.65507,20.61436
1237646586639352968,-13.5784074220818,206.029224514188,22.57748,20.41363
1237646586639353069,-13.5408222544928,206.044445020442,22.53072,20.51511
1237646586639418008,-13.3679019726525,206.019206126965,19.64901,18.51075
1237646586639418183,-13.4747489455088,206.063574736433,21.51826,19.42524
1237646586639418376,-13.4131561611693,205.929176931335,22.53357,20.47615
1237646586639418462,-13.4294550062997,206.018469436645,22.6812,20.62172
1237646586639483643,-13.3353638992307,206.159684160578,20.59314,18.66318
1237646586639483978,-13.319303635231,206.078417744309,22.9174,20.82561
1237646586639484071,-13.2918670303596,206.084942693417,22.60655,20.70956
1237646586639484149,-13.2632003205844,206.086034302285,22.76403,20.83506
1237646586639549154,-13.2135543411669,206.241004713456,20.51059,19.06389
1237646586639549252,-13.158400368493,206.183465557133,22.08641,19.92382
1237646586639549264,-13.1387944678623,206.235199094841,22.5032,20.53821
1237646586639549428,-13.2044634109905,206.135841826821,22.5015,20.47417
1237646586639549634,-13.1435516615778,206.190888993073,22.93058,21.46748
1237646586639614621,-13.00476464269,206.22369738165,21.60742,20.13338
1237646586639614732,-13.0779032260605,206.157224181435,22.50541,20.42004
1237646586639614786,-13.0750747103843,206.191874647461,22.56802,20.42132
1237646586639615052,-12.98919636136,206.214979679057,22.78469,20.47838
1237646586639746245,-12.7286437782186,206.305272501409,22.37969,20.36311
1237646586639876930,-12.4975050705298,206.44426734527,21.66263,19.75994
1237646586639876960,-12.4037657626919,206.471010087703,21.52256,19.50342
1237646586639877244,-12.4830342297437,206.537758315972,22.3545,20.48247
1237646586639941817,-12.3923063310592,206.656059024568,21.79069,19.75558
1237646586639942633,-12.4178814411839,206.52086738839,21.38418,19.36215
1237646586639942806,-12.3749482462013,206.49056201546,22.69377,20.55343
1237646586639943110,-12.335977271057,206.639785042926,22.64469,20.62171
1237646586640008265,-12.1556074593752,206.592294064625,21.79802,19.90233
1237646586640008267,-12.2157543815781,206.748766748134,21.74873,19.90436
1237646586640008502,-12.2377769858249,206.571502310714,22.60004,20.63717
1237646586640008533,-12.2842751899658,206.67672258577,22.68299,20.6054
1237646586640008762,-12.1688689589515,206.589872463248,22.53566,20.75913
1237646586640074118,-12.1718599417242,206.80907295903,21.41846,19.55416
1237646586640074120,-12.0809265025308,206.633088371694,22.21785,20.18912
1237646586640074220,-12.0728337962565,206.666442119135,22.52239,20.7154
1237646586640074328,-12.114589348112,206.820647672493,21.96851,20.07509
1237646586640074407,-12.06340646296,206.77917643038,22.24532,20.27449
1237646586640139672,-12.079831110322,206.870776923633,22.46849,20.73474
1237646586640139709,-12.0477070853388,206.840514661058,22.73335,20.71287
1237646586640139766,-12.0306932692231,206.849959155782,21.71655,19.82012
1237646586640205067,-11.8815275673039,206.876730083882,20.94446,19.45819
1237646586640205075,-11.8282017813491,206.839498204505,22.03085,20.17726
1237646586640205264,-11.9108757565417,206.893756574706,22.51371,20.59457
1237646586640270718,-11.7637520628781,206.93354905256,21.28367,19.49846
1237646586640270728,-11.6900458366746,206.851747235209,20.989,19.21576
1237646586640271125,-11.7356526015639,207.019069234047,22.8518,20.61094
1237646586640335974,-11.4993106108531,206.994668883408,19.68398,18.21942
1237646586640336183,-11.5520940912529,206.92888831721,21.5085,19.53159
1237646586640336699,-11.602246779664,207.107495756158,22.19324,20.48936
1237646586640401575,-11.3775079408867,207.065585853322,19.21232,17.72695
1237646586640402058,-11.5181362401009,207.138369172728,22.2408,20.51491
1237646586640402349,-11.3674080371953,207.034917528922,22.00545,20.65559
1237646586640402565,-11.5384780798155,207.152691665181,23.99043,22.24391
1237646586640467227,-11.4020883935013,207.181364222322,20.76488,20.16434
1237646586640467241,-11.2936387219181,207.114161345246,21.47232,19.79217
1237646586640467579,-11.3416400099062,207.22194998136,22.08986,20.28975
1237646586640531757,-11.1601655700801,207.332726813725,21.53047,19.48335
1237646586640532672,-11.2314808755491,207.221714015791,20.89259,18.9688
1237646586640532766,-11.1413390483131,207.158385350528,21.12681,19.17493
1237646586640598115,-11.035438139132,207.242987783548,21.90772,19.81415
1237646586640598117,-11.0797467415636,207.348523370355,22.01005,20.25849
1237646586640598121,-11.0318104558272,207.292754164186,21.50521,19.8499
1237646586640598194,-11.1138174209049,207.277270371688,22.31954,20.42859
1237646586640598291,-11.113813190718,207.340166143878,22.25804,20.28347
1237646586640598459,-11.0530322480766,207.35105395664,22.78654,20.73507
1237646586640598550,-11.0279249740359,207.351548095555,23.29585,21.76506
1237646586640663820,-10.8676567992192,207.425631913031,21.45658,19.5289
